complexity,size,function_count,comment_ratio,is_bug
11.968396949346182,4688.85570597374,3,0.508850397820123,1
7.472323651077938,4978.112903329584,2,0.017100741730670218,0
6.911417921854768,5015.117273766399,4,0.35337540101836956,1
6.911511471659003,4677.887116193413,9,0.1660290045739577,1
23.248572061153254,4927.866677044754,4,0.11675467175673986,0
14.333531154821111,4830.414200199108,5,0.3593788427327753,1
5.6553900087044955,4589.11680231471,8,0.3215150819062752,1
12.349072367156067,5022.422833461544,8,0.25940007461251785,0
9.994801320323234,5044.474658511062,5,0.2790982086138345,1
1.079574717452927,4830.455084555504,3,0.09001566453357565,0
3.3562114134385315,5241.0689091296435,9,0.5262539810243907,1
10.530828186740816,5001.432021554575,2,0.17890724061036392,1
21.82588433741764,4839.981818439471,8,0.22103672291926751,0
6.95926092479573,4665.882985684882,7,0.7697158596261303,0
5.290137195271518,5056.61625924664,6,0.07127561884457646,1
9.070037707360829,5111.247967548099,9,0.1698547058315872,0
5.026422403590488,4889.4629019502,3,0.08436149928098763,0
6.588706905695942,5029.551518583879,6,0.31300402077444045,1
8.246512394701323,5365.7835888314685,7,0.26698610790878985,1
3.200686524219418,5199.832197760847,7,0.05947916558579895,1
14.850300471065696,4530.935807770055,5,0.38804576144280434,0
2.6759072313952004,4837.630483091029,5,0.30883695655102705,0
2.3639672191733667,4967.3838920237185,1,0.19570496298363663,0
9.669752089440674,5013.8652358537365,7,0.37202977272267873,0
14.066769039895252,5034.4613190652035,4,0.2540592717558794,1
9.489177871785353,5096.107122939301,7,0.3103418333867732,1
7.608895885423004,4974.661422516781,5,0.6097111715402401,0
6.5369071749173715,5000.881349761898,5,0.42471139487152837,0
5.699549153433252,5212.766021230354,3,0.47380408031168797,0
17.18899650259725,5061.123370416413,5,0.7020292977002541,1
10.60521969694961,4745.342550747786,5,0.26215796758848164,0
6.08659406829327,5020.9725671590095,4,0.3464757536328679,0
4.683032646557786,4967.989425346342,3,0.4159878514177539,1
12.93809478353937,4587.706814644511,3,0.25589928270015644,0
16.91720836701109,5032.48497350682,5,0.31192029465923876,0
15.906048909014443,4770.450534687365,10,0.08150328234668917,1
4.0052352410567345,5216.519536621752,2,0.15073793352665726,0
6.492489006438121,5092.767991920456,5,0.6255967178910212,0
5.607174837600493,4734.57139176792,3,0.06328809400911994,0
7.191440578929943,5204.956281440911,4,0.39607699815274006,0
14.755442616816282,5314.435501739116,6,0.36391572442793685,1
20.511312286036052,4940.981358552591,3,0.5478411899651155,0
10.892435701542492,4966.704420845363,4,0.7450512030237014,1
4.824223115461086,5180.108662740795,4,0.30836993471523627,0
8.10420982444452,5293.936555018454,5,0.06649036024292806,1
23.06269767536792,4634.182891154063,8,0.1635508022622571,1
8.907943007769264,4756.746330872136,5,0.1479769227856492,1
6.548423512877886,4905.397837156489,6,0.3335577472522925,0
6.994263059006393,4928.126869588324,3,0.06141850969094424,0
10.857566820240061,5172.98002720368,4,0.42203373607792616,0
4.128158672526314,5295.323233494804,5,0.12471255332435516,0
5.495985590616813,5315.185165892094,6,0.13155692940353766,1
15.748861967871253,4629.731440047845,7,0.36943990573888197,1
10.640638076615321,4818.684801493197,5,0.12779610265241664,1
8.9758042023944,4725.797449295162,2,0.4361252030699675,0
16.28006782339517,4865.398398524989,6,0.09412873752621526,1
4.573428918907626,4817.870237488825,4,0.09899450184144958,1
6.392174586154901,5092.058675371407,2,0.5305086338605003,1
10.39465152390697,5119.776269714779,4,0.20328987309668342,1
10.134572952986815,4998.102388575397,2,0.2921946933268253,0
2.1292278714920654,4976.940710880168,3,0.1998947329805721,1
5.902307068025574,4914.412789931077,4,0.5400660052191115,0
7.334991851808032,4939.0403647093335,7,0.4951312514809156,0
11.223027710158838,5362.602469039932,5,0.3152929587500346,1
10.108818207587998,5154.083213441417,5,0.6936362792806481,0
7.861964820006544,4922.418080270327,7,0.35034441007182787,0
1.0705254095300032,4972.71953571406,9,0.2149747483385461,0
8.163355972257303,5097.415493469731,7,0.19136420022472678,0
8.728195138926116,4734.509248477289,6,0.037332105875348603,1
36.489988943914355,5028.687215709517,6,0.4401585421890969,1
7.152298863153166,5140.652999406691,9,0.283207841337715,0
10.435297612319987,5109.45979117538,2,0.18012714484191852,1
18.101063794404826,4822.6321691740695,3,0.18502876838103435,0
14.190363482361803,4859.168080356178,9,0.15586011116484394,1
21.064022903057396,4567.159607706173,3,0.18114917708663794,1
2.1645610970384324,5165.720226421504,8,0.10398292180034517,1
3.435309470801628,5474.778262320934,5,0.38052971910315986,1
5.1863352222111345,4793.959244438731,4,0.5095565437277113,0
1.7965859742612735,5246.829135553795,9,0.32176728810143607,0
8.783786468040738,5447.328669536441,2,0.30198854442435547,0
3.6958885528525847,4893.374816917911,5,0.2798639932703283,1
22.87604373341045,4973.021189815339,10,0.052751817365947334,0
4.231004402226446,5053.6005474472195,5,0.2805019222585956,1
6.422516089348198,5101.941991578475,4,0.22839967382559093,1
14.764810798521264,5065.842698259974,7,0.42818333259311087,1
2.6456902848374675,4909.630881251661,3,0.2180722390576183,0
1.6679158245499557,5136.899847250803,6,0.3726605477501752,0
9.582858718888062,4914.501372777717,3,0.29059651295362526,0
10.125952428748766,5081.435670297277,3,0.2053721912937987,1
14.467273199119152,4990.128338049438,4,0.3761069475141626,1
12.17688610013874,4610.723192033377,1,0.5855278225342417,0
10.401118352851446,5284.088267686504,2,0.053013490989924944,0
4.669407084771132,4864.696363636714,4,0.32391005230396597,1
9.92422455818472,5310.237859430627,5,0.5246098688418803,0
10.371871300803512,5236.466455500867,8,0.1143948987735138,1
4.520421464042588,5046.734066411297,7,0.08272098476258856,1
27.110377598892136,5114.061908933282,7,0.13591462938027812,1
11.781367853840548,5142.285285843924,2,0.4107760349660084,0
3.4923087273519826,4952.684846462084,6,0.08918747218441397,1
14.51638952601131,4962.928430579772,8,0.6220236197707895,0
16.226975702019498,5130.523566248497,6,0.041449616369012746,0
11.291891743807078,4367.793376609149,4,0.3988642673523584,0
6.847599190694651,4992.485822865503,4,0.12858227927008523,0
4.35342673023105,4910.322446385752,4,0.28882987151403294,1
7.845485981760491,4825.88706636461,1,0.1954727587144261,0
10.73512972861151,5088.209402875469,6,0.12374689549003934,1
8.417542248458245,4857.880325180271,8,0.15331801911858728,0
21.677636084938076,5191.929121742464,7,0.1467138160780115,1
13.059564179235279,5212.763356659325,7,0.4182911896582163,0
3.9346002718896593,5112.237565108342,6,0.4370903206149548,0
3.155938274146119,5160.5078220826435,6,0.35726668316608595,0
11.851755575086457,5112.939572600228,4,0.12297107789087026,1
6.9725126298467535,5177.728022926008,3,0.3854333723480915,0
13.844060730946799,5167.178733318292,6,0.312126054881861,0
11.776528142932461,5075.639113885469,3,0.4358911348486975,1
7.872009397131302,5239.7174683656785,10,0.08617850350055599,0
3.975303405300284,4960.304505631844,5,0.4248963788133191,1
1.88099862343261,4831.999653995499,6,0.24468516611160457,0
9.793103708488948,4821.62011231036,6,0.24509392907780714,0
2.601257668095161,4928.142983530567,4,0.22295148455596359,1
3.8310206470284855,4585.22280365484,6,0.7776135440450838,0
9.36553139993324,5044.496497059043,5,0.06803400454621342,0
8.71474437759646,5145.482764094053,3,0.18365117736418254,1
2.91860978236741,5209.187610172716,2,0.3369130681116563,0
17.46163281761777,4645.870522881231,3,0.20535891679991966,0
17.154292152242043,4828.104892719286,2,0.46728138666076396,0
12.119571041879322,5184.383928512753,8,0.050259966950896934,1
12.109222270489903,4953.465381733442,7,0.0936674080039428,1
12.119673945653657,5140.053192890492,4,0.040851016838594184,1
16.132799734285317,4724.740120051571,3,0.3758968404899572,0
13.284876804141243,5307.03078889454,3,0.036854233396468136,1
4.273989053737681,4709.775986424416,6,0.7096650640246506,0
6.896242403521601,4351.643684954455,5,0.5223074649468074,0
33.98266099112244,5037.875740830144,1,0.051911287249867176,1
1.1574215953563511,5043.678983706907,8,0.1991563086530683,0
5.643148547347287,4887.573842258968,9,0.3198500492575564,0
17.52406278014148,5103.906170606687,4,0.028630511454772283,1
4.516334131179184,5110.509355299342,7,0.34617086892004206,1
13.534896441746117,5084.8985928438215,3,0.3183797301165994,0
8.630973191984276,4883.758177770937,7,0.14945871396662233,0
4.795224585148211,4842.979076645256,5,0.29453805317833354,1
0.9050560856057931,4905.736080250438,6,0.48477008395408705,1
9.59576259967734,4815.074654049333,8,0.2996787663852169,0
4.193046607414221,5251.465548829227,2,0.32939141594503535,0
7.614436876374038,4923.729422046046,4,0.2769694737820914,0
12.03650484962888,5031.437131789236,9,0.21149392636336567,0
15.26406149173539,5183.381335570919,4,0.2521549332428678,0
5.628161778870119,4805.330678333323,4,0.105107936033062,1
4.787508076620838,4701.818613431042,3,0.04013902731341422,1
2.556530389641484,4815.764281485759,4,0.33199293405559144,1
15.773145361982085,5055.587685975471,4,0.07874365916152397,1
30.908629877543046,5040.065298802132,6,0.103069235599335,0
16.932381915998338,5084.457348714111,7,0.42176007017628586,0
19.478005263213504,4973.628773558232,3,0.28337773243815584,0
4.549170477611579,4471.098133446896,6,0.3502973896485699,0
11.539008325278367,4966.711006313706,8,0.07012403282427777,0
14.400347494803887,5215.585687119623,7,0.24418711832417198,0
3.3156929871566065,5278.106441099437,3,0.4348358208852604,0
23.935760731329808,5016.51070953716,4,0.6871629760349924,1
2.091067168004917,5040.902996229662,6,0.2638556932146614,0
21.52828507947892,5135.579159388498,8,0.14404084611442153,0
2.0764106384846044,5270.633699265062,3,0.36624062742063435,0
3.467688299723875,4996.784683426781,4,0.16791228724404159,0
11.686252465681688,5132.264196193465,3,0.1812963768737185,1
8.79207319135973,4874.611464140093,8,0.5062075234851777,1
6.085383165885055,4728.7350617517395,1,0.0906463585220678,0
23.335719026949203,4896.034267731637,3,0.1731667807204571,1
2.6248634405102895,5328.4229797171065,7,0.24409531125922718,0
7.391461002798298,5137.044492980039,5,0.14379920560771994,0
12.736975452494523,4746.399401636962,9,0.199901860459942,1
10.281904551025159,5148.044182366435,5,0.17369749980588667,0
4.9254478560097965,4760.881197472159,4,0.41883744157141983,1
5.0785529198271835,5081.279498935654,5,0.5987785409229255,0
15.108499611293864,4797.729215126387,7,0.24836081012497344,1
15.593456594328853,4735.482539234989,3,0.19917319537334527,1
10.478494164144283,5372.925071730314,6,0.1814622442458785,0
4.045859685827615,4923.569218497549,7,0.10947551503206264,1
5.215169459558444,5132.714929974776,4,0.3567569616352524,0
8.199140942317639,5005.819004397982,4,0.6003292688989977,1
9.113852869591113,4775.976704392189,4,0.285356410086136,1
12.387180592390443,4945.741208439226,3,0.36407561708451747,1
7.095136113215897,4777.676993178991,4,0.41596965649480033,1
14.877561162511107,5555.599077511881,2,0.33387520769372303,1
14.764739143372566,5174.111044158243,7,0.452368737856345,0
19.91976841539262,5001.6902008046745,6,0.41593776888189715,1
8.469649146184787,5119.965944677011,7,0.06810375805667367,1
10.605844210133196,5158.289429029024,5,0.31347934008013933,1
7.521176033070491,5158.929777819034,4,0.2606442803010103,0
4.088973412584995,5148.5870407603215,5,0.12676124422928214,0
30.450481099175647,5130.1271257059,4,0.13970307450314767,1
18.2670836400452,5019.46943335368,7,0.31389536231946313,1
14.559214642259416,5350.982421339299,5,0.18393917034814242,0
8.25453046346095,5033.586589397495,6,0.24961874692510655,0
3.7797405210548023,5008.0503431899015,5,0.42247535562903055,1
16.345469547766015,5035.514362948474,2,0.0958799130081746,1
7.41966895351419,5051.396691587414,4,0.2420272352711839,1
11.293081588611573,4647.287995579194,4,0.1497279019297048,0
5.198452260282366,4813.749464668257,6,0.4263543711003709,0
10.016708758224933,4973.621418080756,11,0.16872541851816797,1
5.4706603131012255,4638.287694515305,6,0.4758552539590433,0
5.647597598833514,5001.3369246865805,8,0.3388894966701369,1
9.922746891250883,5048.413372271883,5,0.3844100078762435,0
2.045327375469543,4720.239428587797,3,0.43043937055127596,0
2.149845393040603,4860.152472697947,5,0.24131314181959582,0
4.5028721895146075,5288.665638633442,1,0.08618670955004212,1
7.0300757727552945,5122.368209121579,8,0.10747401323318224,0
15.185964564431435,5108.864760442913,6,0.4454267506006086,1
7.342981581675017,5255.884436352133,4,0.15744845222770792,0
8.214401871197541,4817.596662555602,7,0.30802224748873863,0
6.605472716907094,4720.796178795952,1,0.5081245777247855,0
10.594872648693258,5220.633151249785,7,0.22551222366921234,1
4.052897793633623,4979.708384750318,3,0.21791828022495258,0
7.650819670005414,4812.300522775575,9,0.3274421531264742,0
11.20462396286289,5478.4510285424485,4,0.1745372124789055,0
9.865154041163018,4645.848980950592,2,0.6030264703096446,0
8.414881498212914,5038.07601195543,4,0.09507879208487217,0
8.492549187731582,4954.307082703391,6,0.5913257101533421,0
11.978951634058863,4917.191221217265,2,0.0882306574138235,0
31.39099598439474,4518.372678813952,1,0.7067802077840867,0
4.296684166760844,5347.336358328806,7,0.09737656920736468,1
31.96676163392528,4685.077327922591,7,0.3748698505567744,0
4.12894805664643,4937.297969021236,6,0.18822047887634036,0
0.7675674763949053,4901.329554538511,8,0.1473834413528037,0
5.3794500472657925,5129.38533093003,7,0.42964293199122905,0
10.739746304176753,4647.880044909849,5,0.08717296141224376,0
27.25798407990102,5100.690810107255,6,0.4827583797627467,1
3.775320841760743,5039.192187652826,6,0.4332115957452374,1
11.929040478013924,4850.148229299358,7,0.3779111635860572,0
2.386199723249696,5092.472071614825,6,0.14855995094889993,0
26.626948441501046,5000.948034670544,3,0.47947506466770623,1
18.50039905505276,5410.946231580842,3,0.05253006198027943,1
5.6568792992840535,4954.114878203795,1,0.27238314519320056,0
20.483463955391585,4785.9070302435075,5,0.20423402329699636,0
7.6156318865560335,5103.010343848981,3,0.32962926872094106,0
19.14910306334837,4927.014276885492,9,0.4081214415609747,1
8.36722711746175,4996.508274600489,8,0.15080935371520626,0
8.640285263388972,4722.339551503443,4,0.49771046032721555,1
5.752694396512139,5133.017127136573,2,0.13417164578335877,1
13.035042707382814,4892.331832609999,3,0.15257506076372632,0
9.134206402831548,5056.334974355244,2,0.44061234936862265,0
12.11462972410616,5480.871691742233,4,0.25389838141531257,0
1.8352686924648625,4941.651611935607,4,0.2718793372718365,0
19.60065370297258,5164.870473487756,5,0.11112413433830175,1
22.891455796558123,4956.266594910721,8,0.4145936910104011,0
9.102532944155842,4852.911931205495,6,0.25154649747577906,1
29.96853320952446,5297.878431923218,3,0.12599008660891947,1
25.575208282055726,4590.940282428824,5,0.412318792660699,1
13.23195920766498,5225.279026454102,6,0.11384706839470396,1
20.657473160181294,4569.095928805326,3,0.4154367510221251,0
17.20262124128249,5198.858507676878,8,0.03395953158524765,0
1.3556485045184652,4999.857836747004,8,0.25825528907671497,0
6.7124815947297325,4786.449393571644,5,0.6754185018289106,1
13.876153867798685,4906.232068419433,4,0.2923185874888206,0
23.886286491892722,5151.656441859486,2,0.09420476682316493,0
2.2222195915717626,5451.613857533512,6,0.23278588086512902,1
1.46494535990789,4655.100975550475,5,0.15034660472137829,0
7.979892471284486,4798.440125644671,6,0.3319797054907192,0
0.84431422697952,4705.1587751403695,7,0.15962923513222171,1
7.771201721150092,4954.511269912677,3,0.3122658397800824,0
10.93077258485468,5205.529624361619,9,0.4488795940904336,0
3.6196289776149566,4679.251167261192,2,0.24167547141926018,0
7.935253959845835,4993.96488407077,0,0.15575661836575333,0
16.144238381081934,5197.548056202919,6,0.2546248531429317,0
5.357770385005427,4903.201737028852,4,0.3998739638024344,0
4.191608988503628,4436.854682427854,6,0.41633509366027566,1
7.661371952703569,5041.270058520409,4,0.4126013301391979,0
3.2779335186972953,5278.025635157603,5,0.22230386035669425,1
28.53704999766081,4761.055123612669,2,0.20210554573368733,1
8.563037402823078,4609.546339266118,5,0.4699687185920182,0
4.5835075364170095,5068.46029057116,4,0.3039231524760021,0
9.792285457808301,5074.787199339846,3,0.3941774589734196,1
7.6290849040250635,4888.544758743758,5,0.5975943525180516,0
6.986812300972787,4847.140945808034,3,0.18642650327975874,1
5.356599473488075,5004.304722000038,3,0.5153807611424077,0
5.141667049576199,4757.551186633795,4,0.05618909073111791,1
1.8801759437107755,4757.858575123703,8,0.471509615372814,1
20.63670341386406,5150.07219396291,5,0.38797144093509983,1
12.636514551757827,4744.248123799545,4,0.3259027728997422,0
10.5082307833949,4620.736068312123,4,0.5366213216088783,0
7.534600105005238,4846.734274411176,4,0.36547898967661085,0
3.5619593783043597,4893.574581999208,4,0.25834667198728,0
4.3424886599087555,5100.665479741291,7,0.1851022572192372,0
2.111388119641745,4864.290395524049,8,0.07159692236894764,1
4.817710696973167,5321.403668253886,7,0.2837349767764871,0
3.120071768595496,5015.762297258115,3,0.030396540925930988,1
24.65673268712754,4818.162107453814,6,0.392907840947582,1
15.418075012928858,5090.776899405199,6,0.11876468132124471,1
8.842786467842362,5316.563036642041,4,0.3784880951192475,0
3.9184708675788302,5143.478083312067,6,0.24543220114118885,1
3.27099441755426,4668.154314389962,9,0.4652470733023034,0
7.1640946514123005,4911.327212899608,6,0.0766092694240153,0
15.855421638251851,5052.803408308491,4,0.22412089292740175,0
2.1732009749824157,5133.519580497274,6,0.3107622581436636,1
12.52110192988023,4955.82808247548,7,0.20752717906493065,0
4.799502991584256,4925.329323661171,4,0.22279424621920296,0
5.567856985331053,5408.792773679844,3,0.38059583744855513,0
8.650479395465496,5147.005289519748,4,0.12725747782556587,0
4.038068917096919,5091.498562619534,5,0.19940635350034852,0
6.884133598229399,4872.904339022881,3,0.5115197253188626,0
3.7405921962114856,4754.7591177776,5,0.2860141234154048,0
5.137209534266871,5095.554643227914,3,0.10028122412451781,1
14.222219011956934,5172.81440000662,5,0.6673432176742484,0
8.991106042285972,4995.415880370166,5,0.21927688100727952,0
14.18533912951657,5147.647666745769,5,0.2587791683470191,0
4.746165790161137,5153.759937461484,6,0.6252497587976844,0
12.585818552433533,5188.881762927166,6,0.0323531017045897,1
1.6240027374343917,4664.994792374432,6,0.2532519420143883,0
8.64758988097588,4917.283271631615,5,0.5969323207913994,0
13.172452529237383,5109.419235016149,7,0.017082749259269087,1
1.5513902774618136,5007.8009510488655,3,0.08003746781794412,0
4.794171832010451,5154.510880817838,5,0.28089936600992255,1
8.64305010610907,5091.359659512867,7,0.2973046893558898,1
16.662803080479854,4530.615926989832,2,0.14657918754870033,0
5.1366459680697805,5245.950043376519,8,0.409463424195691,0
12.242357199065253,4890.393518121265,4,0.14181114095373745,1
21.53187448236942,4806.279091337839,2,0.1325414391379613,1
12.640904195795809,5237.361245330908,5,0.3444420881211604,0
7.09019260963755,5135.860274396445,5,0.21549284817730893,0
10.965985318776802,5272.500754352008,4,0.14410535621579967,0
5.011017201482563,5055.292387227368,6,0.43585881208142346,0
8.9048574552266,4914.575034618199,8,0.19235727673330574,1
7.368292236673392,5028.78719637847,4,0.10289932840027928,0
10.708027905200893,4770.082884386701,3,0.19046577593329558,0
5.9473939826642885,4700.359282565612,6,0.27819542521843876,0
11.147635476538618,4857.3217841566575,4,0.05274181703537225,0
5.900567709087686,5347.4051190143055,2,0.33814675954201306,1
15.316007863642442,4877.852155615688,3,0.2626474034892767,1
6.401041893910341,4624.651540281107,1,0.18958890944313442,0
0.8861144537025677,4961.899347584537,9,0.41621714350597094,1
3.3729423578777946,4875.106105992283,5,0.1580536956136343,1
8.452789750526357,5250.626387961691,3,0.3061992848265834,0
24.514599643801645,5327.497147601613,4,0.22100948926709416,0
14.915489258857516,4904.8125426657225,3,0.02758535551508797,0
0.6583484096926528,5055.0738658296095,4,0.5369502213534969,0
1.96911191053562,5073.908985518989,6,0.062492074666717044,1
18.111147533162317,4985.799185328677,4,0.4966469211872037,0
13.121622470790314,4945.34142232884,2,0.5601778037479068,1
33.26341400295711,4792.905028017283,6,0.2559162953907526,1
5.705954736424243,4595.2412443758985,3,0.3048426524874241,1
3.963293209125587,4791.7576747100975,6,0.13318749124137827,0
8.803880196970317,4978.038786258334,2,0.20887389125026448,1
5.6146962221249215,4679.578638046032,8,0.18025936663920775,1
16.984985914777685,5043.14094578709,3,0.0421555332226711,1
5.455689710656147,5012.183396645222,6,0.38663938988199875,1
6.709866101331732,4875.459527482132,4,0.32103352202411145,1
3.4775735174221096,4936.188644874554,5,0.2145847308629632,1
14.23694963722143,4711.761686809897,6,0.18184410502783432,0
3.6856080436626732,5184.442938428482,1,0.2864000119952676,0
11.297061712941048,5180.243362870815,5,0.38290839390414705,0
27.26687444784496,4744.362733688696,7,0.42488256705170063,0
1.3175757281432086,4749.91861957675,6,0.4853284534068068,0
22.20080840674059,4794.36843774815,6,0.08975684956749921,1
10.274308252072434,5120.955931670755,7,0.40912725852203496,1
2.975036272606863,5073.1866651073415,4,0.200814187509053,0
9.059606854318398,5234.45123179005,3,0.4715400198652694,0
13.950868959849425,5262.694060651721,8,0.15660116849193792,0
4.201408202963275,4662.169590589478,4,0.10176325124539166,0
11.76215196612821,5112.502969086379,5,0.1449859368713775,1
23.427786725225523,5252.233355013643,5,0.43830664665505964,1
5.449855082987433,4922.3610391809925,3,0.114183958024522,1
3.4386410585738476,4991.403850192147,9,0.04809606642893039,0
7.5474673492848785,4957.794110686128,8,0.5346623713304456,1
8.698236360136573,4967.335880737314,6,0.12048826447551492,1
17.57964954053397,5183.598701594976,3,0.46400900951908086,1
7.354441688345085,5398.047308420912,5,0.47940115122205756,1
5.870381872443064,5311.871271629301,5,0.09171733168201547,0
3.3587704344981044,4885.0767550727405,5,0.30285496158509334,1
1.5654561205171444,5055.796278150755,3,0.24349246828773033,0
2.472102114019692,4823.509415631806,7,0.22360518615635777,0
2.4574369084857643,4843.892505655308,3,0.7914225730120392,0
6.767481848786712,4981.665190411611,0,0.4434723591758304,0
1.9091460715336326,4838.37285818402,6,0.17340115317151167,1
7.987751738594993,4868.124366173732,6,0.546915044406286,1
26.87272059365297,5050.3725689972725,4,0.3877569484568002,0
17.925620190237524,5109.196754770999,5,0.307895717044159,1
6.715377493924387,5102.91875896082,9,0.007263757171461416,1
38.425729870239465,5105.241931769034,5,0.1382591955456103,1
8.72146117486297,4725.08381606552,4,0.24306895106676718,0
9.678475817873538,4827.982257395178,3,0.15654616733559126,0
7.4357925503829,5005.151794876509,6,0.08897941878799755,0
8.123694804204467,5240.369937568656,2,0.389342704647652,0
5.294705929140422,5543.913574923018,6,0.18090948105377258,0
6.793440249338628,5064.888071311071,6,0.5882787494104206,0
22.299557259258187,5159.700889609422,6,0.26197895080252603,0
19.24219884800544,4703.378243311974,5,0.2242030494700105,1
0.8359972201580347,5153.162291834737,3,0.350996683752917,0
2.1497200409763764,5455.422900274345,4,0.29128944130153267,1
4.253378003963973,4827.245936395497,4,0.631173221276803,0
15.949774588774568,4874.826883865167,5,0.20354163130636244,1
19.53084869359237,5191.285775659297,4,0.2159979620249407,1
13.913638088301992,5002.343946271588,4,0.2606677378364492,1
2.963477928749155,4579.724410504621,5,0.35509727055029433,0
5.3854055019852485,4887.246393012355,5,0.18631706801907033,1
11.908189794823723,5326.361737424915,5,0.23215525781562976,1
6.876309009682845,4934.568496619059,7,0.36867580729451793,0
6.140472905318427,4934.391769870573,3,0.11418207608876486,1
6.2137211628802245,5175.430747857517,2,0.4956278575478545,0
18.280364064484658,5073.065198695386,4,0.27926987108559614,0
12.777994687736635,4922.973840020186,4,0.10740830137964005,1
6.4906633840227554,4861.057655733628,6,0.2012819326079119,1
10.620760024167462,5685.299878362398,3,0.39199818346920723,0
2.5853254051061567,5280.088734240577,5,0.11459161428395008,1
5.394081804755055,5105.15510836505,5,0.2675486403248756,0
17.104277236987212,5119.999042956619,5,0.09843169945417332,0
1.782775913500111,4968.6760235465335,5,0.04991888613218734,1
12.889115132131547,5070.31724831673,3,0.22569289164655393,0
0.824153031375746,4945.474863424001,10,0.07220768136718331,0
24.78086075851739,4808.755954683443,5,0.4034507328608111,1
5.287580289353812,5079.261634912458,4,0.08552324103808055,1
11.184382988080507,4926.909829448087,4,0.5276420666290272,1
9.092630021803682,5091.160826209115,7,0.5737700878871005,0
9.341665114836296,5133.548606717719,3,0.11365311988711943,1
10.482271493622425,5103.28822858419,6,0.10647411080764439,1
1.4512423925022762,4792.438042832819,2,0.2742113886057109,0
9.485638881265771,4903.951169432499,4,0.32938066856687037,0
7.201249109494126,4930.994388703425,4,0.19690408189431718,1
5.31221000363308,5217.9826299078695,4,0.43640676155339453,1
4.251366336519026,5204.795553834015,8,0.12108326863623996,0
9.662512134919233,4839.725110907526,5,0.15645745314117906,0
3.478982912737628,4720.59665502931,8,0.443811330085629,1
16.898133058246735,5558.982689763538,5,0.1410699842130818,1
11.771325318275492,5094.073342579188,7,0.2945384009138923,1
10.097657630058041,4695.0075080349925,8,0.17864919484986505,0
16.422169039434507,4871.481710347617,3,0.25841635973423416,1
1.203712961226992,5228.473840091323,4,0.7417286179171847,0
2.5020362055850898,5478.19054806153,6,0.16620614485697088,1
12.141324218595916,5426.664606276464,4,0.39598299737119735,0
4.471685577756474,5084.264977557947,4,0.19193068422531584,0
4.976456925210701,4430.345870928417,6,0.565228117518852,0
2.1519457954865224,4997.421239231073,2,0.2053864616227934,0
3.488003104958276,4773.437570779388,4,0.39410998242031847,1
17.152618254087205,5015.844995350601,2,0.073924804364542,1
11.940512106543464,4799.188146678186,8,0.22032996958202514,0
9.584291856860622,4905.996996135464,7,0.44309092290139174,0
5.142511121565883,5191.025119082866,2,0.5361623473597367,0
9.145974493497805,4944.40467821498,5,0.25709791500658924,1
18.170989551983283,4929.978179074758,6,0.2790049178600554,1
4.568570102636932,4985.452715254713,7,0.2621672892208705,1
8.109517778350511,5605.691889929558,7,0.4352457603472743,0
25.786536444407247,4752.20496371752,7,0.3194680593685647,0
13.787561095752423,5059.660842363418,6,0.26115527604796196,0
5.204381967580018,5400.1743314511,5,0.2846226510378223,0
13.025999053828643,4984.8018911198105,5,0.33130660885440266,0
1.7515684706429058,5275.1945259269905,8,0.22915594185139604,0
7.862042352520781,4707.535707532583,7,0.1481296596096642,1
13.016108895684098,4951.431146702711,4,0.32590437123437443,0
11.03630060241331,4819.957300966008,5,0.40661985862427047,0
12.928658532217728,4982.480322581356,8,0.2405867530959992,1
14.958508856873433,4987.100371406742,5,0.08407769239056731,1
11.662626295813787,5009.647844475988,2,0.407078075714607,0
11.425501141280002,5188.72789955728,3,0.2957251566345398,1
9.7471269141681,4511.054861758789,7,0.23611843400243648,1
3.1217200286566102,4862.272835550806,3,0.39683486995180384,0
17.147511822325356,5044.044344670575,8,0.13220870900235943,1
8.08060471924665,4588.825294440276,1,0.403340849952985,0
13.551876025586553,5136.476244627462,5,0.135863779971311,1
15.975714196865347,4858.400661851568,3,0.13465139637544732,1
5.426403272370375,4955.53269292756,5,0.01544282188739145,0
5.83155089862207,5199.884278736153,5,0.14051778729741715,0
6.492709004669198,5287.094372647729,2,0.2997868641008978,0
19.351461967726323,5143.722361783634,7,0.14041945257499755,1
3.7898363374557666,4746.647259738981,2,0.45457362480768876,1
21.597688218958375,5131.71526346222,4,0.12083614873595658,1
9.667567856493331,5147.556196122449,5,0.23436304771439215,0
10.178727003559525,5099.582186483165,4,0.34787458281959815,0
15.495944668606509,5329.2057578829135,4,0.3423662762451973,1
8.875838539946251,5015.42805416615,5,0.5253065703672194,1
17.276567787799536,5318.627581135914,4,0.23285348886758572,0
5.420374175202357,5316.975731949558,4,0.617615693887606,0
21.142612335980647,5154.299750774211,5,0.2053165031952698,1
5.775731114590097,5063.254487882231,7,0.13168749857704867,1
21.67580962843096,5100.920186328697,6,0.3167041608408801,0
5.904659039936591,5386.3762106186605,6,0.18452405223454854,1
6.6435496415125685,5240.038852924883,8,0.20331075400445034,1
3.3868972357311664,4769.399722183108,5,0.3338216071364024,1
4.294816687074246,5086.145059171839,2,0.1313804479597621,0
8.111442431466598,4809.578001222397,4,0.06324390760614179,0
9.938453495575665,4852.316575838918,6,0.1287162977978753,0
16.43872721392027,4914.302902620242,3,0.6487924838370803,1
7.026954413474005,4689.016494376696,3,0.3196944417569556,0
11.053528063222371,4796.488229348877,5,0.15171463273501185,1
9.454616478142775,5344.0278038054075,5,0.3507417130150701,1
11.933403549184918,4851.057199780273,6,0.4227871272092453,1
4.857387263925545,5190.1249964781655,2,0.09196537367485474,1
5.354216112095247,5035.1768141518805,6,0.385361987177955,0
4.8589767731964795,5121.359252082299,4,0.3231882665235935,0
18.605796058142843,5131.35890190479,3,0.33888756981000107,0
21.276861382407475,4787.664051694033,4,0.16292247510403443,0
5.1654314630972555,5188.669064900651,2,0.17839875646104772,1
5.252843371108335,4726.190646849482,6,0.48491630035939454,0
13.122932575280863,4842.528392873197,8,0.25705148111661513,1
22.84531543373392,5127.900824503376,5,0.2379862410580946,1
26.13179813007315,4774.595779802109,6,0.22074923776985922,0
4.97064169953391,4570.670936924117,5,0.47166351014795105,0
6.072891969220128,5075.232953807617,5,0.32832497376162717,0
10.31813580487211,4654.981322973547,6,0.257838227142528,0
10.684044836606466,5150.0196189849985,4,0.17969070586194164,0
7.242533041938849,4929.453405016486,4,0.024614924710740057,1
4.169502317706233,5071.937777879941,5,0.250511579571715,1
8.121323422128668,5067.671424604206,5,0.06609157336065342,0
26.11355056588595,5167.749621469098,4,0.2690166243021486,1
5.4188098550858586,5134.827394184195,4,0.09065240914107422,1
9.862954413514242,4772.833269456054,7,0.21849935232173825,0
37.60145413859501,4942.305152598967,5,0.2605610373915003,1
5.354832219532258,5071.667294256932,4,0.5706834092833037,0
13.555364734219943,5323.501263354874,3,0.3603162846392685,1
26.841049444033512,5137.013263200284,9,0.36286132500390433,0
12.757007637451478,5299.651887646942,6,0.21715952423828225,0
17.734181873353304,5083.630540538224,6,0.2942496213851871,1
14.830737995401462,5244.524951749794,4,0.26639412300629095,1
12.055375841356422,5052.602617260628,7,0.0892920808299338,1
20.81782320429328,5233.937256941805,6,0.23900661556729058,1
13.261271013577048,4918.525172814347,6,0.2107292273575339,0
7.300468682287721,5354.35082637135,2,0.21642005292509806,0
9.316693945367039,5109.237368712431,6,0.547249386928301,1
10.94683063846916,4690.358070849833,4,0.3787117287415269,0
6.043471895534024,5079.299516954791,7,0.5833880421474583,0
9.628738323679615,4541.789936809745,8,0.4275510844694913,1
8.636688247993417,5137.796136855449,6,0.31560135513143,0
13.232910094752995,5197.168061392395,3,0.23702370423108582,1
31.548662016551653,5446.336622869717,4,0.09355459271904859,1
10.048976566917165,4884.466423808205,5,0.2371957867006162,0
23.226070948401695,5448.332609744347,3,0.2381574409369454,1
12.905408734173676,4997.492814036528,5,0.3887193407943008,0
9.596860457044215,4832.528323235176,8,0.27476277477775934,0
5.7710253701756695,4888.968340158561,8,0.07494848643164599,0
9.650012522505103,5123.5477627955715,5,0.5244303034975125,0
9.221454353404845,4802.568745052551,5,0.017684521390555517,1
4.581794785589562,4922.126331895484,8,0.427297983792294,1
5.221118562708787,5073.581528372518,5,0.19598488052173257,0
11.013072578760049,5352.185223010978,4,0.5510786365892353,0
23.07390131629516,5189.9990733679715,3,0.18501098363461563,0
7.916081611323574,5006.399911564379,7,0.19765247293061022,1
2.0455056252727304,5122.470127940351,4,0.19327038782484643,1
3.3267215978723765,5050.804255462738,4,0.10651836267262905,1
13.793020379102183,4743.768744408114,5,0.3412863492955961,1
2.4999313863169044,5399.434050867811,3,0.22759080133553602,0
15.32891833678714,5356.599765807577,5,0.16725119383413642,1
13.274396359229733,4980.155221739586,4,0.3574195759479862,1
7.709409045530641,4896.384668844913,6,0.4600899890488855,0
4.6174659783563925,4748.174700970638,5,0.20491693772307745,1
6.871138904559375,5137.1592725869195,5,0.12006405910052106,1
10.818671959558985,5138.711989639528,2,0.18478701943532344,0
2.584065873050452,4819.023946865507,5,0.2792213419297712,1
21.55857655242783,5053.471172851944,3,0.14898317376211032,0
10.747158284952292,5182.292370797485,3,0.25493194568047833,1
11.64303720826078,4882.114703061582,5,0.45772923982615393,1
13.208663392739652,4952.878587355518,4,0.37300603948280137,0
20.194213332122875,4950.79156075927,3,0.241933614254779,1
9.667328350123588,4831.633365219104,4,0.19434148790406403,1
13.798867768284397,4957.256012447134,2,0.22538161838423265,0
4.685361455416675,4658.4330604844,6,0.2747923642762847,1
26.201874220905207,4939.620711908766,7,0.17965687441951214,1
9.18789657136798,4942.878369312549,3,0.14543779363131645,0
4.664903136964814,4982.873088270175,5,0.14975303248587163,0
5.772289535327677,5104.605347722297,4,0.3113788768868935,0
1.1192852624353697,4732.509252648342,6,0.17980173862363585,1
5.741403612839288,4767.33690875171,6,0.47443769691309307,1
0.43649628190065454,4826.516462675826,2,0.23556579929859725,0
14.504389465030926,4712.506443999945,2,0.37713332225068996,0
11.392387472685224,5130.8586327257935,5,0.2049967441940197,1
3.520237173083486,4873.097502629808,2,0.38871998085777226,0
8.02913623029848,4989.642292406566,7,0.2510035520791301,1
8.310100667270092,4809.40482339087,4,0.09525520581795448,1
2.8695140407233777,4916.708177927284,5,0.11750358289075634,0
6.986843441404876,5064.27653870519,7,0.2772455747006247,1
8.50808821276422,5075.266829147618,5,0.17180890384949818,1
6.8374717065580635,4775.5717312165725,7,0.051192827503842235,1
4.6608154804021,4978.671669102243,1,0.23842844222876008,0
3.3958329455679626,4812.755467778033,3,0.7356938824172977,0
6.647348222860937,4970.611140036696,4,0.3446936748519134,0
5.163401231331049,4855.941184801575,9,0.127254045138601,0
12.602685239009123,5417.598452160738,4,0.4611456899657432,0
21.022859688518928,5180.874260178635,5,0.47130970328355715,0
15.840124744965447,5085.210995558037,6,0.27954511209525856,1
8.72420243250181,4578.037398512244,6,0.27208385710156757,1
4.816080771956873,4934.586127931565,3,0.1096782394313307,0
15.550302880887383,5187.977705185287,3,0.1371812301336208,0
13.142513352324555,4984.961733637153,5,0.4101418308682222,0
20.057586781704234,5387.351119829786,7,0.27909489287860323,0
9.67501602919116,5212.378054107852,6,0.46287389837859716,0
25.31196777786084,4915.187470127321,6,0.06811675300622808,1
9.677235040412215,5354.228033041899,4,0.3181871574188498,1
4.79603892161674,4935.670276560886,7,0.1427074329416523,1
5.583854064755932,5434.502780089278,4,0.42470814015575725,1
12.184317903327885,5369.004619360339,8,0.18747246624360286,1
5.151583082923245,5063.04001457674,5,0.02842536315242263,1
25.198137342843037,4665.257691925384,5,0.3144921084794702,0
11.4790031394319,5045.279803718873,4,0.32817031745183145,0
8.581059710538367,4755.375848677787,5,0.6535021069625078,0
9.132392813104001,4862.014928187747,2,0.30057359651654475,1
6.779933779528074,4877.121603927205,3,0.04777631449471995,1
1.5365710351772688,4753.740926439481,7,0.47458101238084877,1
5.58731161863002,5046.127094140239,5,0.2119473025938957,0
23.181783288492138,4837.900536139644,6,0.1560687623173739,1
9.867749958437052,4945.313914281838,7,0.3754710239687405,0
17.084363184632977,4878.861285328196,2,0.2534853003520312,0
17.415478652375437,5105.611035628803,7,0.19464470594497313,0
8.08722554400653,5088.561240871156,5,0.18299127087537245,1
13.293085076744592,4928.176883599864,5,0.1252159663939391,1
1.7375325468357248,5117.171555613424,7,0.528630429056909,0
21.9597409250631,5276.448842923056,6,0.1775103180684654,1
20.79326053987696,4544.517142044527,5,0.4630452550928736,1
11.946356714719704,4867.121699100711,0,0.5012707004246917,0
10.13176742970317,4790.237161398367,7,0.3334659053244904,0
8.169468471619298,4848.877897918777,5,0.15194116146214762,0
18.426775054234167,4512.862948749238,5,0.18348012115355927,0
14.373079803950805,4537.454993086702,6,0.43859933060381395,0
6.205896602618031,4407.329691459378,8,0.059931164902344285,1
2.993979587395196,4885.7912225271375,4,0.040302221028054815,0
2.458573274643638,4879.954007353601,6,0.12645117810239098,0
18.296682735410645,5313.4742114428545,4,0.4224194086988315,0
8.034116716149985,5028.308751613198,1,0.6391543571916729,0
11.807470697900886,4535.387149501695,3,0.32767886809914154,0
8.839117546202196,5111.1443981088705,4,0.5340361752102806,1
2.492164421011152,5926.694715760633,5,0.3164869631955288,1
1.7828850706534858,4545.128645969943,4,0.47512610611829637,0
5.864077365873821,5392.19225364889,5,0.21411320214797044,1
6.27931129390637,4986.500115070732,2,0.3589741663408477,0
6.27607501296915,4902.434821118023,2,0.4000690993666633,0
6.424830395894975,4870.369929707342,5,0.17719021142112729,0
30.211614186984402,5070.685008440243,5,0.1251503881670946,1
16.909798811769033,4904.209993132828,5,0.28024628605465357,1
9.971697603134066,4748.292668922498,6,0.0700558885418513,1
7.879641102939434,4877.954747174935,4,0.2502506688189201,0
8.095366590392993,5077.221670145178,9,0.42334129177139446,0
14.013516879447838,5151.47149402967,7,0.6058116159194468,1
7.823093225116335,5421.386212238517,2,0.15171407389464947,1
15.75799612420665,5018.619997505938,3,0.44575651028706975,0
10.775964160884804,5291.969470052401,4,0.06002237809666997,1
30.389075419373498,4953.271776555173,6,0.6244661644440432,1
7.464371439848243,4982.332268390303,7,0.1552136263796822,1
17.728620892406653,4970.730731793262,4,0.40153694804736934,0
3.261798984019975,5044.815824060296,5,0.11918930762973687,1
4.9205875952634175,5193.479726058147,5,0.18249768128181607,1
27.80005288073351,4895.529046144792,3,0.2852983048526913,0
15.305773065339023,4800.516843862355,3,0.2912447793097951,1
11.959916976014943,5213.263591753972,7,0.3191507632282136,0
35.46610412251625,5195.06071015449,3,0.34107550113584295,1
7.966911367998373,5333.138171479923,8,0.19738334086870715,0
17.70026743207544,4862.8698432689835,8,0.1267807874348196,1
18.583903045654402,4945.530580853022,5,0.08025293285420737,0
23.949070113856735,5222.759223285101,5,0.7430061288624272,0
2.907798391576295,4893.113616144575,3,0.26557490721121985,0
7.926140451505047,5141.206290654902,3,0.049140749037003,0
10.640723931434565,4954.203935696337,6,0.5135583698532165,0
23.692682281918604,5069.454470261542,5,0.3503509281555539,1
11.61708866284429,4744.486232160945,4,0.44086338357155574,0
18.610802184721248,5015.737939059602,6,0.12393303811245569,1
2.6554850562815506,4357.430886172316,3,0.33323098262178097,1
6.556363193402614,5271.122472456469,12,0.36661557423996527,0
20.741237963891162,5172.464606524281,1,0.39393979347663816,0
7.265338968370933,4787.540539889969,6,0.7968472260416822,0
8.434300706641706,5397.524685843192,1,0.6735999653534886,1
23.444743114471144,5254.837435899724,6,0.06470213240360205,1
3.9746428278683164,4753.431572745482,1,0.3917978937156955,0
4.851886283037336,4879.353361752884,4,0.12445421046301888,0
2.3781980461250214,4764.193464360847,3,0.10360153273399572,1
24.061243202955488,5075.8778202159865,3,0.10023246637744518,1
16.698935578715847,4870.25600406393,5,0.05015599189091167,1
16.4127805777973,4581.289213622914,5,0.22046964564547175,1
6.407498317728919,4981.340440688213,5,0.18626569791868947,0
2.1969875885598107,5203.16677506108,9,0.43397760236465266,1
1.5855665874196472,5020.343348691058,3,0.2700151867350011,0
20.84295458238556,5119.139060753377,3,0.5439137105828439,0
12.529062476435694,5041.463955307582,6,0.38648792022739054,0
14.254853119785913,5162.197268432354,6,0.11296185739637271,1
10.283386444839369,5061.483986533757,3,0.47000120196378775,1
4.352470387416362,4969.287423672412,7,0.2891228632614371,1
6.649709291026905,5017.567478373174,4,0.27672242706327355,0
3.4422691162133363,5343.352251718888,1,0.16359988303960277,0
3.0467450896686548,5132.471634605422,7,0.43531894548904493,0
15.777636478995712,4786.88839551731,7,0.0980605097577999,1
1.750939002120748,5014.006079756928,2,0.06979793553285893,1
3.4641681321261437,5071.738737612042,5,0.035831728145661,1
6.96580673603791,4962.041551422945,6,0.12998581291161088,0
9.032203804921258,4582.227529998229,9,0.19418709903932654,0
2.347731025677764,4806.799857834543,3,0.19970815676467896,1
11.512207578699893,4904.781550729554,4,0.32796369906175526,0
9.863865792076872,5430.61506943162,10,0.6861956860974272,0
20.60441935166629,5106.100791871105,4,0.6189701373104327,0
9.147950501985473,4658.713444344451,4,0.4044516664776185,1
12.355265235059935,4975.765170925593,4,0.09604364805147587,0
4.573694621760012,5298.922708870385,7,0.6299735596390102,0
4.744936650160976,4867.345396854518,8,0.15751796523853934,1
2.6068326212637283,5232.390480267002,6,0.08821085402579461,1
4.613125218622882,4664.680416582815,6,0.43848872329490146,0
6.570752875022232,4389.94917396599,3,0.5593250929507909,0
19.260889165132326,5269.794620024784,5,0.36634606763472344,1
4.020584410638247,4893.848580666103,6,0.14506021773004102,0
31.26562362722683,4590.263908442723,2,0.27695437918639115,0
13.130317392773192,4910.321933319934,8,0.4340419006831794,1
11.299941511884875,5039.353532451362,5,0.17902622109975438,1
8.619346306765745,5097.755698250965,4,0.1093387831307629,1
7.419999802629656,4460.829217644988,4,0.38103961622126736,1
5.227880429080094,4850.966495728541,2,0.15447303479393557,0
2.2498745174624175,5009.863142944989,5,0.4861440843303739,1
4.1476644068547035,5097.224210804642,5,0.2922914441476454,0
24.023327667711463,4784.539619055964,4,0.5202322968231398,1
12.572095756399435,4950.624530431209,2,0.43346234100197073,1
23.88343511929651,4866.7013989594025,4,0.316703452829481,1
5.114288668870786,5046.9540273621515,4,0.28179884430471663,1
3.349437222923412,5260.261076218303,1,0.2938046582628187,0
8.555282992469857,4921.87914933684,8,0.11391536118918139,1
4.285795448107593,4696.282227281438,4,0.5174389865870374,0
9.935340884489177,4839.755495572687,10,0.31559507092690214,0
1.7844701220316264,5394.600818377954,6,0.41998081642753143,1
0.9519934274989237,4807.586913853154,3,0.35106998500975956,1
10.988562777099427,4732.735904858335,6,0.23548429658335177,1
24.463415312816217,4908.740117981062,4,0.08307485392694704,1
11.341270798017904,4975.820748859095,3,0.18943447183027343,0
12.481832210682091,4879.275386243001,2,0.42639088142540704,1
8.833637039609496,4665.721557998915,3,0.12899991567875516,0
9.475054719728993,5068.898412421109,5,0.16513490042078127,0
2.133535589230548,5047.189797382065,3,0.06376384841014167,0
4.430101932029561,5153.117599690196,4,0.18241140087399116,0
19.12974088798562,5042.030271424221,3,0.34017170347219106,0
6.453238879337731,5370.387835297108,6,0.10903634276822588,1
18.872598223920175,5171.9495221833395,5,0.04658885603748895,1
9.281993152844125,5121.311274997393,5,0.14122359760638356,1
9.63549254699077,5269.85713264757,4,0.21870872006762004,1
6.493013216963183,5028.10733960513,4,0.13728152658097664,1
13.79078261433455,4955.23917003537,6,0.341004381047683,0
16.15989233795316,5066.282261619627,4,0.3482194284393344,1
4.219773818577051,4573.098740462283,6,0.05557344460500812,1
2.3554861952753696,5028.831975183155,4,0.016106789167766353,0
1.2120287851014946,4975.581825252796,5,0.2634082137190047,1
12.061299251262119,5091.051160295229,5,0.5567352254403113,1
11.101669241117161,5233.161756073641,4,0.07688225450524318,0
37.006521191954285,5128.246009815347,5,0.2292563529713396,1
8.872778242280205,4840.313184939798,3,0.2529818143154895,0
7.711163254130903,5190.36124243741,4,0.2833112423395101,0
10.181250101143394,5374.522492336469,6,0.04970127550955027,1
10.587141787789198,5239.823676113099,6,0.1800665036793619,1
7.254222915185352,4713.146049389665,1,0.25477293296294345,0
4.345020489080687,5125.709570097926,3,0.3689479329567549,1
8.516568761724287,4741.443667375784,4,0.4175469375490078,0
8.274608947830979,4933.642841450179,6,0.18066449150761607,1
8.172826675161405,5084.121280461397,4,0.3912929924657881,0
14.805007393136489,5053.090188301548,3,0.20502627452979172,1
8.400337994127284,5234.771595305556,14,0.3843849851858675,1
2.409824643889746,5375.913282670832,5,0.27058517901745294,0
4.985643217245973,5107.273668206836,4,0.2472992033577751,0
7.183764965897136,4917.062076983014,5,0.4290487298942557,0
8.704381794471658,4581.900806602304,5,0.3366238427875718,1
12.241427752112363,5297.180782525155,7,0.5473356872710563,0
8.756480587009495,4976.746486095868,7,0.15245742108426563,0
0.9800285791989173,4988.273120170001,7,0.18110459170171658,0
2.7097957505777854,5005.909972081704,2,0.1375311267474608,0
12.836686929082138,5096.347539644117,5,0.07774929943479132,0
7.030100443303332,5103.251916216672,3,0.26755577332579267,0
9.3302856660706,4937.0787063572025,7,0.2440717929767772,1
6.341336806376301,4974.548610943853,2,0.1986950141259034,1
4.967833954260351,4863.1244888288165,6,0.08466265303513139,0
6.529410331095646,4840.152702190228,4,0.40305549761942805,0
9.413401154934153,4839.157494460145,8,0.22862384735943592,1
8.35301077666257,4971.970188156564,5,0.4917958143634181,1
16.08824608573725,4798.9061592384305,1,0.1175384802629038,0
1.9535809590090785,4374.6226222942805,2,0.20499260172825529,0
2.257768820434874,4913.34928183881,3,0.3456138133137987,0
6.965049236591554,4725.1345940775855,6,0.5001871542332978,0
12.339867978075,5021.162910926176,8,0.3246600737657139,1
14.256945055549139,4862.316057823822,4,0.5255209734981456,0
5.138429623306074,5099.270355917726,3,0.7116062899224456,0
0.302194136471229,4743.045739095107,6,0.44270759438356416,0
5.281265659554618,4615.217034803804,6,0.19466455526350399,0
11.126895514015525,4975.099265830262,8,0.624941384551761,1
8.234898819588315,4904.260212530345,6,0.1731051511973776,1
12.659826792437986,4707.990133448555,6,0.22226920248424545,1
18.689227197527536,5172.149073175753,5,0.49629977071410214,1
7.351343886787326,4775.9702921215185,4,0.2862991375383747,1
5.786962680718368,4830.353262890432,5,0.28481567937678226,1
3.8273872432743934,5217.866607892962,5,0.08372146487100623,0
2.2442217303653256,5112.814685846155,6,0.219038634354384,0
1.6545271384020213,4753.99888245727,11,0.34730378761578845,1
4.717620873044154,4923.08874581587,8,0.201928988943972,1
17.00953593020334,4733.891749666608,7,0.2552384019590394,1
13.519990360626936,5199.111067101387,7,0.500475628160254,1
5.563980164029289,5198.940340179073,4,0.4407464892692659,1
31.455514755835235,5416.905633071356,8,0.08678495509203081,1
5.003066919206388,5524.23936043083,6,0.2028667824694035,0
19.87666868920411,4859.871533271127,2,0.28850545106033215,0
23.02286337937732,5157.6799831102435,4,0.6132410977968061,0
11.669024414619216,4587.432063234765,0,0.4013297362846464,0
4.6795460556470605,5038.173776147115,6,0.1894808144101669,0
6.190632207338974,5092.371934660029,0,0.18926546210747908,1
9.583187806107569,4786.801955255365,7,0.0305251444806434,1
2.311575981793011,4846.859020646197,9,0.8449393803434533,1
3.5034094972870706,5200.649275688209,7,0.18922916363178735,1
3.23766342779513,5098.210280605518,2,0.16052965071719072,0
12.299575392255441,5378.687262526768,4,0.38612473548671,0
18.56929521875479,5344.952368812512,8,0.35892958207003794,1
13.888953731287575,4635.430625737831,5,0.04820166890094001,0
16.558061554925676,4880.350024364586,5,0.5263555174915215,0
4.340631578079887,4765.583141468461,6,0.1592057388481888,0
6.4191616119974135,5167.911126267086,2,0.2228967038497635,0
6.81681138877228,5060.362932028987,4,0.6463903300210974,0
11.636056816967027,4779.082121967236,7,0.05417940231829003,1
4.831407382042499,4809.748624132947,3,0.29375395941432353,0
15.871905800490802,5281.234281613401,6,0.2682410176642265,0
22.60546129266374,4903.831357690604,2,0.08311427672945457,1
12.06001438840817,4557.375183996784,8,0.15809285358717004,1
6.192585200650898,4761.098686462654,10,0.24901885002751883,0
4.005266355597493,5436.224593246642,5,0.23421654155435048,0
3.2448924851699887,5225.2629707652995,4,0.2200510159535976,0
0.9942118053863981,4721.367670654098,4,0.10362922978395586,0
6.98518229471862,5038.069245590572,8,0.496233396048682,0
6.671177919171976,5209.266992591879,9,0.5398582919283599,1
15.213079279589273,4632.884689956585,7,0.11518794313357231,1
5.107781336183064,5237.0826534704875,7,0.17138231627702805,0
7.300447208756333,5095.963644475111,3,0.19018838788975626,1
10.29370151010992,4834.567809640508,8,0.3238853886802373,1
11.921300648362841,5132.728600095708,7,0.2735038876920478,1
14.033952815644291,5063.611466754791,2,0.5093217486631368,0
9.557288033517823,5079.29286092463,5,0.13979616367904932,1
2.4524265719595983,5029.842583232654,7,0.4854521835042943,1
11.188717668912677,4802.295751448539,6,0.36961868677751003,1
4.796311854755913,4839.147232410833,1,0.18312667796411985,0
19.1543500942969,4943.6300700725205,3,0.4759607164569466,0
8.471396284680099,5006.956820042574,4,0.31415867943547854,0
9.985993608819188,5146.889599872231,4,0.1249713200345534,0
38.934452132596164,5443.273655687316,3,0.39708009393168997,0
14.203333102819634,5048.581057222674,7,0.23224285245722792,1
11.04377957005079,5142.575566798024,9,0.6457106694868895,0
7.471173168951961,5196.290617540621,4,0.14718122068317013,0
2.665464210649853,5159.6033442938715,3,0.2898801421887009,0
7.055601896294186,4794.635637076352,4,0.16714025259162815,0
3.9606347906050554,5305.817190315784,4,0.23548402285857398,0
24.42812536504755,5262.834917454529,6,0.05108687080073301,1
11.14935485366824,5026.746423455696,3,0.11002388440177611,0
18.68989062039602,4806.512746508903,10,0.06691859599557652,0
4.9844026555418335,5003.382677514662,5,0.31336135701878454,0
4.224250040298363,4655.687027087507,5,0.25633812377564674,1
13.257492852609358,5340.320024154708,3,0.30680859921207687,0
3.817062207290489,4857.6572954545145,2,0.2964079056711756,1
5.816493169166375,4932.5568478556515,7,0.3815736795386159,1
25.190318660224406,5320.508901550445,5,0.06859946837079905,1
6.010719271022227,4460.936719045941,4,0.045909718802066075,1
2.1214529482190003,5287.57958203436,6,0.2831866242706098,0
1.3516718582550267,5072.607322038954,5,0.1311917349714964,0
1.8552509628836666,5380.840275840337,4,0.1727127120638288,1
19.428853697949016,4788.28132563745,7,0.39981815065279946,0
5.254575171541336,5072.726855867776,4,0.227532182911388,1
38.1552579316149,4789.928729398551,2,0.39099235420149153,1
22.77716649261606,5246.79721233764,3,0.5042881717594425,0
29.148025488414948,5237.692144587916,8,0.2852315842956066,1
16.845518460559802,5400.778802595515,5,0.5739087701953813,1
12.773065826295536,4996.596551050049,6,0.16177789168944498,1
4.089060954067802,5477.621171425295,2,0.1351135552621585,1
8.311570277167723,4773.250336801073,3,0.23675500359878007,0
13.68519751156581,4984.626877677951,3,0.164526487976559,0
16.14587242670636,4780.2908336835035,7,0.2530427949307719,1
2.9227207851053505,5040.636723115996,5,0.5457533592735235,1
7.144731709809617,4797.290469530543,2,0.10367119612142682,1
7.810944217820312,5247.502957288171,2,0.25665080034543425,1
7.571901780668215,5103.636374273157,7,0.44947111403560897,0
3.3163942742598356,4756.487358759676,8,0.3171730094227865,1
26.945154900212156,5185.59284542293,4,0.1876220487689337,1
6.955210046215068,5360.538825203625,4,0.19411155245459646,0
3.547698119291235,5126.0917587449185,4,0.4438276047983579,1
27.37785802357607,4697.5369562336655,3,0.19995315795620902,1
22.791473751876623,4963.44113978988,4,0.2190782166390574,1
9.276232836605212,5156.165732043317,6,0.27095287403753343,1
5.672544851825107,4942.615652089405,5,0.30430918730473094,0
1.6963025618541219,4770.733579873833,5,0.05521369227753374,1
12.107683323514816,5276.685299275228,3,0.21624185958007527,1
5.346030875694435,4933.366727171051,6,0.05105229024388399,1
8.156984180240599,5360.712902023989,4,0.11393632634739781,1
25.806429948283313,4881.461747515322,2,0.21124391565946946,1
5.019175652302938,4920.849499372672,5,0.3306023200701377,0
11.74028353608541,4865.102570705397,7,0.28599354649519837,1
14.320983753323846,4959.734075485969,8,0.05622644969889527,1
19.027033370748214,5099.783336423333,0,0.47729448704370453,0
7.703415506733835,4780.851308167236,5,0.19879907714284992,1
7.086551300157074,4743.268179610337,4,0.3346154179043382,0
6.955239840931934,4628.901626257455,6,0.1463059665156274,1
10.936708267522352,4606.305025099292,4,0.3152610306849136,1
22.15920666016902,4699.763301940531,7,0.5123492200305838,0
6.7028925586442085,4880.035021417874,2,0.2780673788599246,1
0.4361702039501386,5036.504957862352,3,0.15751119537879968,1
15.441489549102885,5086.722854016653,3,0.1425346737889799,1
8.773279271927546,5026.0212601830135,5,0.2284727323906531,1
12.127062634495147,5328.063677858703,6,0.27690742329652135,1
1.7691494994186967,5411.617724491172,9,0.08575462345408377,1
5.363566365816068,4934.380647780889,6,0.17656126281407047,1
14.58359205658703,4784.1476059100205,7,0.5280604060827006,0
2.5759420374858157,5496.419565433576,2,0.1945413159564688,1
11.721276777490106,5267.5453189010395,2,0.03137966560534934,0
8.105379251929,5247.970205772792,8,0.1394595720655908,1
4.434078054390297,4871.663366750646,8,0.2462714108251806,1
4.121054801571102,5191.755449792185,8,0.177797786867308,1
3.34569421970238,5027.81565429612,7,0.3994584897869793,0
8.737849385045028,4980.149579290615,6,0.39431139706661505,1
9.524932636965342,4979.772041006112,2,0.021722598336025425,1
6.181602377936612,5110.536376961197,7,0.2549449489445414,0
3.1517283771805444,5336.977707590506,6,0.1152029675283075,1
11.480890266760387,5521.801398639901,5,0.10406166189156638,1
15.63598608813155,4906.81482935821,6,0.5935636271771894,1
13.002923870528802,5040.490638695052,4,0.15600480925979324,0
29.919280274485626,4974.60412837034,4,0.11394598492701503,1
7.207616127430299,5094.756181142882,4,0.322041647534774,0
20.73139512063484,4451.73319841258,5,0.48083390985930763,1
4.820437986474852,4947.1011536337055,4,0.09447467377958224,0
4.165863285614167,5468.313950437667,7,0.12348497921390435,0
9.150511618143932,4847.310505883187,2,0.2942400230616854,0
23.83504223953272,4907.106666463419,4,0.6315198751416798,1
6.588058306673074,4874.704157546469,1,0.3035135654312956,1
1.767668354359862,4963.873745258571,6,0.5656975822865379,0
15.432380178261395,4713.257029654265,1,0.6420299221182524,0
7.840926456284089,4878.651344639118,6,0.32838431446506366,1
10.414355449177473,5092.46221330146,6,0.3767705822363964,1
4.361575998454067,5090.7333388733405,0,0.18452661377260854,0
9.086082796663785,5053.336852715736,6,0.41957294066077505,1
2.0702419525741216,5312.587968305739,1,0.1415866582536039,1
27.21713905828426,5101.681820745767,4,0.1268491719144591,0
17.42990869789779,5303.673042848373,6,0.4509169341674394,0
8.779057537310607,5522.036743750528,7,0.16768021529751131,1
15.138959604928177,5198.041400801662,6,0.3112703131543445,0
4.831265550190743,4714.185392992264,3,0.39076577413443314,0
16.906461021651175,5062.384040323244,7,0.1731158236047595,1
6.353776746695964,5028.247146851194,6,0.09949405575423456,1
5.989913265681949,5360.254899211855,5,0.036005996836174115,1
3.5634901208510614,4971.782272093102,7,0.1391470264482049,1
11.377616845734405,4818.881959398322,4,0.6510126073390348,0
8.490648928578842,4890.656153792507,7,0.14102922059165787,1
21.17713017093707,4721.321887467983,1,0.04467658056046121,0
3.1847421161466007,4370.029438821204,2,0.5582407707059253,0
11.415059323419603,5469.764468029366,2,0.11620493645829469,1
18.587822964365575,5000.87451182539,6,0.38655514194367746,1
9.652107607391894,4739.313397705953,8,0.04990729557129281,1
6.255213518102983,5385.381127285687,6,0.34233088615895974,0
9.468728532261414,5432.884052499627,0,0.5281057611267155,0
20.059945729609545,5035.951422128239,10,0.12131372237284965,0
20.054352489901728,4703.781963220636,2,0.1024993495472728,0
7.594201803550097,4895.7477484952005,5,0.3150640503275923,1
19.82202061320795,4947.949798631434,8,0.21006260379157152,1
8.186590490964827,5008.357230145495,5,0.39091560626631044,0
15.022457122271858,4763.317072717199,4,0.49470378839834606,0
12.384122110228882,5218.442544351441,3,0.2784648130919117,1
6.051711559759299,4540.611145506375,7,0.5252811563715021,0
3.6846906191278177,5258.992649756494,7,0.44283095217900875,0
18.917839016544427,5313.011163493773,3,0.1051226205039511,1
22.515780555406234,4916.336473458785,3,0.24248273033797488,1
11.220502805574725,4982.333164337932,2,0.09731858362921995,0
8.178125046093175,5346.578998971894,2,0.38419957484672423,1
2.8044476729832923,5146.7779625973535,7,0.3380427433829219,1
18.59105561990023,4923.9236382762665,4,0.24237833015593205,1
10.29896315745669,4949.10391073343,1,0.18212507415710308,1
6.771339108745917,5111.877640870046,3,0.17116276299390953,1
15.317679546241184,5441.838812255435,10,0.15300228479065994,0
2.3147254211089074,4955.838341690744,3,0.2836844180288076,0
3.400407209208808,4917.362019174305,6,0.11521873962180516,1
4.679416003741731,5006.782219058455,4,0.19926032687927073,1
12.110231765133683,5008.119788496064,5,0.12563409856478377,1
9.54710885873297,5069.210150711155,3,0.643345940905428,1
13.138575210676912,4983.042712782762,7,0.13982261281501734,0
17.744823698616212,5274.557761151971,5,0.23753153471321636,1
13.472345230675117,4803.230724160768,2,0.16592812734868592,0
27.596635245000645,5094.483242352814,6,0.3800226292016706,1
17.716855435913807,5103.695985063592,3,0.3211691186728126,0
7.580178728644521,4820.935366214532,2,0.6100167193357181,0
5.333425807751642,5092.134032242847,7,0.30832696436359663,0
7.762497527164812,5109.890957747412,6,0.2549393409409261,0
13.802916220818082,4459.804756752821,3,0.14865112517004503,0
5.826514607338906,4783.902882144118,5,0.680795586549518,1
14.069916380930483,5369.756812269317,7,0.2731639355439437,1
12.970068013477697,4867.744591642828,4,0.13158722460941152,1
3.6360955929129526,4738.8331492244915,4,0.6286607942050515,1
17.49263024013403,4598.308322885383,3,0.4588573656075864,0
10.936103249284594,4765.329919509017,6,0.33896423375417534,0
26.721230248355567,4973.582094136142,4,0.08532332827707578,1
8.20860780098252,4724.784415387761,5,0.09780090967283875,1
6.525515439081259,5149.974963313745,7,0.3430155652929761,0
3.2144462475348785,4817.259649828873,4,0.3892643710156325,1
3.166388971180753,5070.9880784572815,3,0.31086370513599954,1
16.095787979263807,5328.080917099686,1,0.5527228671460921,1
24.97031353202063,5310.717036821183,5,0.2736000464618834,0
7.677135804174302,5066.989146228595,8,0.15900798680606495,1
7.29040489925732,4752.2885777309975,5,0.6711778201678625,0
8.79374625574059,4988.662771939185,5,0.16023075676171022,1
18.308151141575912,5074.568911207583,3,0.3332258195397585,0
3.666203283285254,5579.369438011978,3,0.36155418896871044,1
9.968640933943357,4596.533006113578,6,0.291312499070624,0
16.346257447544822,4989.4543819584715,5,0.3290304848953652,1
12.004423020527797,5141.220675352599,7,0.2628500652268041,1
0.2295948805478169,5024.229139012131,6,0.11890758403445559,0
13.519539822720867,5048.8828522594185,8,0.15784128682273202,0
12.08784164462629,4829.407303888384,8,0.14322256875175168,1
20.716965027793822,5213.973068372839,8,0.1740292708464749,0
23.674123015395026,5008.223459518019,9,0.16300242339885218,1
20.028854028565203,5048.047363623604,5,0.7926547823005319,1
8.829800672930899,5240.679130730859,3,0.2532169877307543,1
1.6801317059160745,4930.464350391968,4,0.133916763045289,1
7.248774491894126,5295.712432524075,5,0.16724342136072082,1
8.617966427532146,4718.109960247344,6,0.050577027510123516,1
24.762106746015768,5061.085424733198,7,0.2556974717157588,1
4.400766242116998,4816.611060895677,4,0.281449718907375,0
2.3867906198078477,4762.098212494323,6,0.6950088505414233,0
5.8580173655692995,5438.3407800077985,13,0.23177486592468022,0
4.615232806499034,4728.264797737189,3,0.3458584092439203,0
